订单编号,平台订单号,商品图片,SKU列表,货代,货代渠道,快递单号,订单总额,称重重量,结算重量,实际到款金额,实际采购成本,实际快递费用,包装费,实际毛利润,付款日期,店铺名,发货时间,国家,结算运费
367925,82757494520861,http://g01.a.alicdn.com/kf/UT8n.yWX3JXXXagOFbXV.jpg,MSJN003-45bluemen10*1,预报E邮宝(新接口),【预报E邮宝(新接口)】E邮宝,LM326209766CN,47.32,1017,,44.95,100.0,,0.5,-55.55,2017-03-23 03:59:39,NH,2017-03-27 15:58:08,France,93.19
368199,82923547274075,http://g04.a.alicdn.com/kf/UT8QyBHXWJaXXagOFbX3.jpg,CSRB053white*1,预报E邮宝(新接口),【预报E邮宝(新接口)】E邮宝,LW066056155CN,70.005,224,,66.5,64.92,,0.5,1.08,2017-03-29 01:15:42,NH,2017-03-30 16:00:35,United States,25.8
367698,82708625943182,http://g02.a.alicdn.com/kf/UT8zwuHXZVbXXagOFbXK.jpg,BGRB058blueL*1,预报E邮宝(新接口),【预报E邮宝(新接口)】E邮宝,LM318755455CN,35.75,54,,33.96,17.76,,0.5,15.7,2017-03-19 03:35:38,NH,2017-03-21 15:41:49,Ukraine,25.78
368253,82956984549940,http://g01.a.alicdn.com/kf/UT8g3vyX.8bXXagOFbXQ.jpg,OBJF081black*1,预报E邮宝(新接口),【预报E邮宝(新接口)】E邮宝,LM333780642CN,31.33,80,,29.76,13.5,,0.5,15.76,2017-03-29 11:01:52,NH,2017-03-31 15:49:58,Ukraine,27.6
366551,501663646852778,http://g02.a.alicdn.com/kf/UT8e0xfX10XXXagOFbXl.jpg,BGRB058blueM*1,预报E邮宝(新接口),【预报E邮宝(新接口)】E邮宝,LM291252695CN,35.75,53,,33.96,17.62,,0.5,15.84,2017-02-27 08:04:24,NH,2017-03-01 15:35:08,France,25.71
367689,82772271796110,http://g01.a.alicdn.com/kf/UT8t7fcX.lbXXagOFbXw.jpg,OBJF081black*1,预报E邮宝(新接口),【预报E邮宝(新接口)】E邮宝,LM320409217CN,31.33,80,,29.76,12.34,,0.5,16.92,2017-03-19 05:32:32,NH,2017-03-22 15:49:34,Ukraine,27.6
366803,82367530926060,http://g02.a.alicdn.com/kf/UT8p4mIX_haXXagOFbXK.jpg,OBJF081grey*1,预报E邮宝(新接口),【预报E邮宝(新接口)】E邮宝,LM300476305CN,31.33,83,,29.76,11.75,,0.5,17.51,2017-03-04 09:55:10,NH,2017-03-09 12:57:44,Ukraine,27.81
366503,82283181577379,http://g02.a.alicdn.com/kf/UT8HAyXX4dXXXagOFbXY.jpg,BGDY149redS*1,预报E邮宝(新接口),【预报E邮宝(新接口)】E邮宝,LM293465384CN,41.99,68,,39.89,21.0,,0.5,18.39,2017-02-26 13:52:29,NH,2017-03-02 15:59:35,Russian Federation,13.44
367797,501945268710699,http://g02.a.alicdn.com/kf/UT8V.LeX_pXXXagOFbXG.jpg,TSZS001whiteXXL*1,预报E邮宝(新接口),【预报E邮宝(新接口)】E邮宝,LM323176220CN,51.935,0,,49.34,29.0,,0.5,19.84,2017-03-19 02:52:39,NH,2017-03-24 15:20:17,France,22.0
367551,82710833436018,http://g01.a.alicdn.com/kf/UT8xY99X2xcXXagOFbXP.jpg,BGOY075redL*1,预报E邮宝(新接口),【预报E邮宝(新接口)】E邮宝,LM315055074CN,39.975,45,,37.98,17.0,,0.5,20.48,2017-03-16 02:21:12,NH,2017-03-18 14:59:38,Ukraine,25.15
367135,82547436671650,http://g01.a.alicdn.com/kf/UT84.JPXWdXXXagOFbX1.jpg,BGRB057redXL*1,预报E邮宝(新接口),【预报E邮宝(新接口)】E邮宝,LM305575923CN,43.615,82,,41.43,18.76,,0.5,22.17,2017-03-08 05:17:03,NH,2017-03-11 14:50:00,France,27.74
367751,82727780015748,http://g02.a.alicdn.com/kf/UT8RxJiX3hXXXagOFbXw.jpg,BGRB057blueM*1,预报E邮宝(新接口),【预报E邮宝(新接口)】E邮宝,LM317801114CN,43.615,73,,41.43,18.76,,0.5,22.17,2017-03-19 22:56:19,NH,2017-03-20 15:23:46,Ukraine,27.11
367702,501952341159613,http://g02.a.alicdn.com/kf/UT8E6tMX4RXXXagOFbX5.jpg,BGRB057blueXL*1,预报E邮宝(新接口),【预报E邮宝(新接口)】E邮宝,LM316671951CN,43.615,77,,41.43,18.76,,0.5,22.17,2017-03-19 11:45:40,NH,2017-03-20 15:24:33,France,27.39
368459,83072756271036,http://g02.a.alicdn.com/kf/UT8E6tMX4RXXXagOFbX5.jpg,BGRB057blueL*1,预报E邮宝(新接口),【预报E邮宝(新接口)】E邮宝,LM333780466CN,43.615,80,,41.43,18.76,,0.5,22.17,2017-03-30 11:48:32,NH,2017-03-31 15:49:53,Ukraine,27.6
366480,501674018758658,http://g02.a.alicdn.com/kf/UT8KsmwXVXbXXagOFbXA.jpg,BGFL125pinkM*1,预报E邮宝(新接口),【预报E邮宝(新接口)】E邮宝,LM293498250CN,54.86,70,,52.12,28.5,,1.3,22.32,2017-02-27 06:42:00,NH,2017-03-02 15:52:26,France,26.9
367817,82807118901149,http://g01.a.alicdn.com/kf/UT8MVYdX4pcXXagOFbXb.jpg,OBJF071armygreenOther*1,预报E邮宝(新接口),【预报E邮宝(新接口)】E邮宝,LM322885854CN,44.07,0,,41.87,18.5,,0.5,22.87,2017-03-20 17:01:03,NH,2017-03-24 15:20:07,Canada,22.0
366419,501651887158992,http://g02.a.alicdn.com/kf/UT8CpGxX74XXXagOFbXz.jpg,BCFL101blackgreenM*1,预报E邮宝(新接口),【预报E邮宝(新接口)】E邮宝,LM291874810CN,40.885,57,,38.84,15.0,,0.5,23.34,2017-02-26 09:25:57,NH,2017-03-01 15:35:11,France,25.99
366514,82242689837087,http://g01.a.alicdn.com/kf/UT8e6CdXYBaXXagOFbXs.jpg,OBJF071blackOther*1,预报E邮宝(新接口),【预报E邮宝(新接口)】E邮宝,LT895470975CN,44.785,0,,42.55,18.5,,0.5,23.55,2017-02-27 13:30:00,NH,2017-03-03 15:35:22,United States,14.6
367010,82454549119347,http://g02.a.alicdn.com/kf/UT8RxJiX3hXXXagOFbXw.jpg,BGRB057blueL*1,预报E邮宝(新接口),【预报E邮宝(新接口)】E邮宝,LM301552079CN,45.825,79,,43.53,18.76,,0.5,24.27,2017-03-07 04:49:23,NH,2017-03-08 16:46:41,Russian Federation,14.32
366734,82313564808954,http://g02.a.alicdn.com/kf/UT8oxKHXWlaXXagOFbXh.jpg,BAQK131black*1,预报E邮宝(新接口),【预报E邮宝(新接口)】E邮宝,LM295977783CN,34.84,193,,33.1,5.7,,0.5,26.9,2017-03-03 04:50:45,NH,2017-03-04 15:48:13,Ukraine,35.51
366864,82382731477337,http://g01.a.alicdn.com/kf/UT8oEyMX3tXXXagOFbXp.jpg,BAQK130black*1,预报E邮宝(新接口),【预报E邮宝(新接口)】E邮宝,LM297781311CN,35.88,203,,34.09,6.5,,0.5,27.09,2017-03-05 06:52:00,NH,2017-03-06 16:12:34,Ukraine,36.21
367273,501856869240652,http://g02.a.alicdn.com/kf/UT852iQX4lXXXagOFbX4.jpg,BAQK130black*1,预报E邮宝(新接口),【预报E邮宝(新接口)】E邮宝,LM307366619CN,36.335,0,,34.52,6.5,,0.5,27.52,2017-03-12 08:13:45,NH,2017-03-13 15:36:31,Ukraine,22.0
368005,82821781974190,http://g02.a.alicdn.com/kf/UT8oxKHXWlaXXagOFbXh.jpg,BAQK131black*1,预报E邮宝(新接口),【预报E邮宝(新接口)】E邮宝,lm324395147cn,36.205,186,,34.39,5.7,,0.5,28.19,2017-03-24 14:32:42,NH,2017-03-25 15:11:12,Canada,35.02
367717,82636363380755,http://g01.a.alicdn.com/kf/UT8Kt6cX64bXXagOFbXj.jpg,BCQK087blackL*2,预报E邮宝(新接口),【预报E邮宝(新接口)】E邮宝,LW023901060CN,76.31,146,,72.49,40.0,,0.5,31.99,2017-03-18 16:31:26,NH,2017-03-21 15:41:53,United States,20.68
366883,82376459321370,http://g03.a.alicdn.com/kf/UT824aLX_lXXXagOFbXA.jpg,BABC146blue*1<br/>BAQK106blue*1,预报E邮宝(新接口),【预报E邮宝(新接口)】E邮宝,LM301808446CN,53.235,151,,50.57,16.5,,0.5,33.57,2017-03-05 00:33:26,NH,2017-03-08 16:46:33,Ukraine,32.57
367210,82486403312124,http://g01.a.alicdn.com/kf/UT8.A0LXWdXXXagOFbXq.jpg,CSRB053blue*1,预报E邮宝(新接口),【预报E邮宝(新接口)】E邮宝,LM307366698CN,71.435,0,,67.86,32.48,,0.5,34.88,2017-03-11 11:29:01,NH,2017-03-13 15:36:26,Ukraine,22.0
368218,82974353645995,http://g01.a.alicdn.com/kf/UT8.A0LXWdXXXagOFbXq.jpg,CSRB053blue*1,预报E邮宝(新接口),【预报E邮宝(新接口)】E邮宝,LM331668654CN,71.435,237,,67.86,32.48,,0.5,34.88,2017-03-29 00:24:31,NH,2017-03-30 16:00:11,Ukraine,38.59
367094,82539192144960,http://g01.a.alicdn.com/kf/UT8F7BEX8BXXXagOFbXR.jpg,CSRB053white*1,预报E邮宝(新接口),【预报E邮宝(新接口)】E邮宝,LM302388498CN,71.435,277,,67.86,32.46,,0.5,34.9,2017-03-07 17:52:25,NH,2017-03-09 12:57:50,Canada,41.39
367073,82537510070392,http://g01.a.alicdn.com/kf/UT8F7BEX8BXXXagOFbXR.jpg,CSRB053white*1,预报E邮宝(新接口),【预报E邮宝(新接口)】E邮宝,LM302388524CN,71.435,279,,67.86,32.46,,0.5,34.9,2017-03-07 14:32:33,NH,2017-03-09 12:57:57,Canada,41.53
367180,82515621575930,http://g04.a.alicdn.com/kf/UT8QyBHXWJaXXagOFbX3.jpg,CSRB053white*1,预报E邮宝(新接口),【预报E邮宝(新接口)】E邮宝,LM305575954CN,71.435,246,,67.86,32.46,,0.5,34.9,2017-03-09 23:01:50,NH,2017-03-11 14:50:05,Ukraine,39.22
366696,82339506565753,http://g02.a.alicdn.com/kf/UT86.lDXZtaXXagOFbXt.jpg,CSRB053red*1,预报E邮宝(新接口),【预报E邮宝(新接口)】E邮宝,LM294669242CN,71.435,246,,67.86,32.42,,0.5,34.94,2017-03-01 13:01:27,NH,2017-03-03 15:35:12,France,39.22
367847,82729973796886,http://g04.a.alicdn.com/kf/UT8pYHjXWxaXXagOFbXa.jpg,BCFL104blackblueM*1,预报E邮宝(新接口),【预报E邮宝(新接口)】E邮宝,LW039875623CN,54.535,0,,51.81,16.0,,0.5,35.31,2017-03-21 14:14:35,NH,2017-03-24 15:20:12,United States,14.6
368399,82916405705370,http://g03.a.alicdn.com/kf/UT89pC.X6tbXXagOFbXH.jpg,CSRB051black*1,预报E邮宝(新接口),【预报E邮宝(新接口)】E邮宝,LM333780523CN,69.485,233,,66.01,29.75,,0.5,35.76,2017-03-30 03:52:26,NH,2017-03-31 15:50:04,Saudi Arabia,38.31
366621,82383993631498,http://g01.a.alicdn.com/kf/UT8DsywX8NXXXagOFbXN.jpg,SSHN118-43blackmen10.5*1,预报E邮宝(新接口),【预报E邮宝(新接口)】E邮宝,LM300476274CN,96.2,285,,91.39,55.0,,0.5,35.89,2017-02-28 02:49:22,NH,2017-03-08 16:46:10,Saudi Arabia,41.95
367142,82453820102839,http://g02.a.alicdn.com/kf/UT8M71OXYNbXXagOFbXZ.jpg,DSKM059-29gold3.5*1,预报E邮宝(新接口),【预报E邮宝(新接口)】E邮宝,LT939908025CN,69.68,48,,66.2,29.0,,1.3,35.9,2017-03-09 00:24:07,AG,2017-03-13 12:44:07,United States,14.6
366431,82341235373441,http://g02.a.alicdn.com/kf/UT8yY0QX5FXXXagOFbXH.jpg,OBJF085red*1,预报E邮宝(新接口),【预报E邮宝(新接口)】E邮宝,LT884329740CN,70.785,332,,67.25,30.34,,0.5,36.41,2017-02-25 19:32:00,NH,2017-03-01 15:35:04,United States,33.9
366893,82343520361478,http://g01.a.alicdn.com/kf/UT8q3lGX1FXXXagOFbXH.jpg,CSRB051white*1,预报E邮宝(新接口),【预报E邮宝(新接口)】E邮宝,LM297781395CN,70.785,276,,67.25,29.48,,0.5,37.27,2017-03-04 14:39:41,NH,2017-03-06 16:12:39,Canada,41.32
366972,82486717145386,http://g01.a.alicdn.com/kf/UT8GpFGX00XXXagOFbXo.jpg,CSRB051white*1,预报E邮宝(新接口),【预报E邮宝(新接口)】E邮宝,LM300468383CN,70.79,273,,67.25,29.48,,0.5,37.27,2017-03-05 07:52:53,NH,2017-03-08 16:46:45,France,41.11
367098,82456539351318,http://g01.a.alicdn.com/kf/UT8q3lGX1FXXXagOFbXH.jpg,CSRB051white*1,预报E邮宝(新接口),【预报E邮宝(新接口)】E邮宝,LM305575937CN,70.785,248,,67.25,29.48,,0.5,37.27,2017-03-08 18:16:39,NH,2017-03-11 14:50:11,Canada,39.36
368517,82997530174138,http://g02.a.alicdn.com/kf/UT8Z_8FX1JXXXagOFbX6.jpg,CSRB051red*1,预报E邮宝(新接口),【预报E邮宝(新接口)】E邮宝,LM334305968CN,70.785,247,,67.25,29.48,,0.5,37.27,2017-03-30 20:47:02,NH,2017-03-31 15:50:23,Canada,39.29
366434,82267781157592,http://g01.a.alicdn.com/kf/UT8DsywX8NXXXagOFbXN.jpg,SSHN118-42blackmen10*1,预报E邮宝(新接口),【预报E邮宝(新接口)】E邮宝,LM290059170CN,97.955,269,,93.06,55.0,,0.5,37.56,2017-02-25 15:55:35,NH,2017-03-02 16:00:00,France,40.83
367900,82859117317503,http://g01.a.alicdn.com/kf/UT8GpFGX00XXXagOFbXo.jpg,CSRB051white*1,预报E邮宝(新接口),【预报E邮宝(新接口)】E邮宝,LM322885766CN,72.085,0,,68.48,29.48,,0.5,38.5,2017-03-23 11:01:21,NH,2017-03-24 15:19:46,Ukraine,22.0
368123,82842655260203,http://g01.a.alicdn.com/kf/UT8q3lGX1FXXXagOFbXH.jpg,CSRB051white*1,预报E邮宝(新接口),【预报E邮宝(新接口)】E邮宝,LM329101255CN,72.085,240,,68.48,29.48,,0.5,38.5,2017-03-28 01:00:28,NH,2017-03-29 15:45:31,Ukraine,38.8
367947,82726729381646,http://g03.a.alicdn.com/kf/UT8e6jlX9NaXXagOFbXD.jpg,BHBC027blackblue*1,预报E邮宝(新接口),【预报E邮宝(新接口)】E邮宝,LM326209735CN,79.495,268,,75.52,36.5,,0.5,38.52,2017-03-23 10:54:47,NH,2017-03-27 15:58:19,France,40.76
367929,501986710331150,http://g02.a.alicdn.com/kf/UT8iufjX44bXXagOFbXo.jpg,BGDY144blueL*1<br/>BGDY144redL*1,预报E邮宝(新接口),【预报E邮宝(新接口)】E邮宝,LM326209721CN,84.89,102,,80.65,41.6,,0.5,38.55,2017-03-23 01:19:41,NH,2017-03-27 15:58:44,France,29.14
367222,501826978410605,http://g01.a.alicdn.com/kf/UT8cYqMXWJXXXagOFbXz.jpg,BHFL041pink*1,预报E邮宝(新接口),【预报E邮宝(新接口)】E邮宝,LM311356944CN,96.005,289,,91.2,51.8,,0.5,38.9,2017-03-11 07:26:43,NH,2017-03-15 16:29:35,Saudi Arabia,42.23
367304,501834878971849,http://g03.a.alicdn.com/kf/UT8R2hDX8xaXXagOFbXV.jpg,CSRB053blue*1,预报E邮宝(新接口),【预报E邮宝(新接口)】E邮宝,LM307850190CN,75.79,0,,72.0,32.48,,0.5,39.02,2017-03-10 18:14:30,NH,2017-03-13 15:36:35,Russian Federation,8.0
367519,501876240151862,http://g02.a.alicdn.com/kf/UT86.lDXZtaXXagOFbXt.jpg,CSRB053red*1,预报E邮宝(新接口),【预报E邮宝(新接口)】E邮宝,LM313808695CN,75.79,238,,72.0,32.42,,0.5,39.08,2017-03-15 22:40:17,NH,2017-03-17 16:00:57,Russian Federation,27.04
367003,82530158714040,http://g02.a.alicdn.com/kf/UT8AzKOX30bXXagOFbX5.jpg,BGRB056redM*2,预报E邮宝(新接口),【预报E邮宝(新接口)】E邮宝,LM301552082CN,68.64,107,,65.21,23.58,,0.5,41.13,2017-03-07 08:41:14,NH,2017-03-08 16:46:48,Canada,29.49
368447,502118274430403,http://g02.a.alicdn.com/kf/UT8jsVFX8tXXXagOFbXB.jpg,CSRB051black*1,预报E邮宝(新接口),【预报E邮宝(新接口)】E邮宝,LX302195767CN,75.465,232,,71.69,29.75,,0.5,41.44,2017-03-30 04:24:53,NH,2017-03-31 15:50:10,Israel,38.24
367878,82786383493218,http://g02.a.alicdn.com/kf/UT8Z5JGX6xXXXagOFbXH.jpg,CSRB051blue*1,预报E邮宝(新接口),【预报E邮宝(新接口)】E邮宝,LM321981324CN,73.385,233,,69.72,26.54,,0.5,42.68,2017-03-22 15:20:04,NH,2017-03-23 15:53:00,Canada,38.31
367397,82601268622993,http://g03.a.alicdn.com/kf/UT876B6X4FXXXagOFbXx.jpg,BABC071*1,预报E邮宝(新接口),【预报E邮宝(新接口)】E邮宝,LM311081581CN,65.715,251,,62.43,19.0,,0.5,42.93,2017-03-14 02:25:29,NH,2017-03-15 16:30:12,Saudi Arabia,39.57
367858,82708324203146,http://g03.a.alicdn.com/kf/UT89pC.X6tbXXagOFbXH.jpg,CSRB051black*1,预报E邮宝(新接口),【预报E邮宝(新接口)】E邮宝,LM321981315CN,77.74,241,,73.85,29.75,,0.5,43.6,2017-03-22 10:59:54,NH,2017-03-23 15:53:07,Russian Federation,27.28
366374,501621001810552,http://g01.a.alicdn.com/kf/UT8xsyuX3lXXXagOFbXT.jpg,SSHN118-42blackmen10*1,预报E邮宝(新接口),【预报E邮宝(新接口)】E邮宝,LM293015527CN,104.455,279,,99.23,55.0,,0.5,43.73,2017-02-23 23:01:12,NH,2017-03-02 15:59:54,Russian Federation,30.32
367581,82627819053938,http://g01.a.alicdn.com/kf/UT8VBW.X08bXXagOFbXk.jpg,CSLT122C02black*1,预报E邮宝(新接口),【预报E邮宝(新接口)】E邮宝,LM317531139CN,84.435,266,,80.21,35.0,,0.5,44.71,2017-03-16 14:46:21,NH,2017-03-20 15:24:12,Canada,40.62
366649,501730954234802,http://g01.a.alicdn.com/kf/UT865BiX8dXXXagOFbX6.jpg,BARB092black*1,预报E邮宝(新接口),【预报E邮宝(新接口)】E邮宝,LM294669239CN,57.85,376,,54.96,7.95,,0.5,46.51,2017-03-02 14:13:43,NH,2017-03-03 15:35:28,France,48.32
367840,501961302220451,http://g02.a.alicdn.com/kf/UT8Os6gX34aXXagOFbXI.jpg,BCFL065pinkS*1,预报E邮宝(新接口),【预报E邮宝(新接口)】E邮宝,LM323408215CN,76.83,0,,72.99,25.0,,0.5,47.49,2017-03-20 07:28:04,NH,2017-03-24 15:20:00,France,22.0
367345,501871787984973,http://g01.a.alicdn.com/kf/UT8krm5X2BaXXagOFbXT.jpg,DSKM039-28silver13*1,预报E邮宝(新接口),【预报E邮宝(新接口)】E邮宝,LM317531156CN,81.835,233,,77.74,28.0,,0.5,49.24,2017-03-13 09:17:49,NH,2017-03-20 15:24:26,France,38.31
367580,501900933238215,http://g02.a.alicdn.com/kf/UT89B6aX78XXXagOFbXU.jpg,BCWF081blackXL*1,预报E邮宝(新接口),【预报E邮宝(新接口)】E邮宝,LM317801088CN,118.95,170,,113.0,62.99,,0.5,49.51,2017-03-16 13:29:40,NH,2017-03-20 15:23:12,France,33.9
367862,82781261985167,http://g03.a.alicdn.com/kf/UT81xu4X7pXXXagOFbXQ.jpg,BGRB056greyM*1<br/>BGRB057greyM*1,预报E邮宝(新接口),【预报E邮宝(新接口)】E邮宝,LM321981298CN,84.955,123,,80.71,30.59,,0.5,49.62,2017-03-22 10:12:14,NH,2017-03-23 15:53:13,Russian Federation,17.84
367352,82648074105165,http://g01.a.alicdn.com/kf/UT8_spcX3dXXXagOFbX3.jpg,BARB092black*1,预报E邮宝(新接口),【预报E邮宝(新接口)】E邮宝,LM312456538CN,61.815,375,,58.72,7.95,,0.5,50.27,2017-03-13 05:20:39,NH,2017-03-16 15:23:10,Russian Federation,38.0
367350,82554335738463,http://g01.a.alicdn.com/kf/UT8_spcX3dXXXagOFbX3.jpg,BARB092black*1,预报E邮宝(新接口),【预报E邮宝(新接口)】E邮宝,LM312456555CN,62.725,368,,59.59,7.95,,0.5,51.14,2017-03-13 07:59:28,NH,2017-03-16 15:23:03,Russian Federation,37.44
366629,82418111085643,http://g02.a.alicdn.com/kf/UT8t8mDX.0XXXagOFbXQ.jpg,OCJJ055greenXL*1,预报E邮宝(新接口),【预报E邮宝(新接口)】E邮宝,LT900971040CN,122.525,168,,116.4,62.5,,0.5,53.4,2017-03-01 17:56:38,NH,2017-03-04 15:48:18,United States,22.44
368126,82879426073752,http://g02.a.alicdn.com/kf/UT87YhKX9XXXXagOFbXl.jpg,SKTN001-31skyblue13*1,预报E邮宝(新接口),【预报E邮宝(新接口)】E邮宝,LM334254988CN,104.065,383,,98.86,44.0,,0.5,54.36,2017-03-28 00:37:42,NH,2017-03-31 15:49:41,France,48.81
367481,82692678389506,http://g02.a.alicdn.com/kf/UT8bqt.XYFXXXagOFbX9.jpg,DSBC001-35red4.5*1,预报E邮宝(新接口),【预报E邮宝(新接口)】E邮宝,LM312456572CN,97.435,423,,92.56,37.0,,0.5,55.06,2017-03-15 05:43:41,NH,2017-03-16 15:23:23,Ukraine,51.61
366517,82245204324778,http://g02.a.alicdn.com/kf/UT8C1yAXZxXXXagOFbX5.jpg,SKTN065-33lakeblue2*1,预报E邮宝(新接口),【预报E邮宝(新接口)】E邮宝,LT890744531CN,113.035,401,,107.38,50.4,,0.5,56.48,2017-02-27 15:42:01,NH,2017-03-02 15:59:41,United States,39.08
367686,82680854151067,http://g03.a.alicdn.com/kf/UT8fYi5XZFaXXagOFbXf.jpg,SKTN002-30royalblue12*1,预报E邮宝(新接口),【预报E邮宝(新接口)】E邮宝,LM320641942CN,106.535,353,,101.21,44.15,,0.5,56.56,2017-03-19 09:01:43,NH,2017-03-22 15:49:22,Russian Federation,36.24
367058,82484064574819,http://g02.a.alicdn.com/kf/UT8Q1CSX_FaXXagOFbXG.jpg,SSHN125-38C03greenwomen7.5*1,预报E邮宝(新接口),【预报E邮宝(新接口)】E邮宝,LM307850314CN,104.585,0,,99.36,42.0,,0.5,56.86,2017-03-08 11:22:23,NH,2017-03-13 15:36:21,Canada,22.0
367556,501870922586423,http://g03.a.alicdn.com/kf/UT8DquGX58XXXagOFbXA.jpg,DSBC001-40golden7*1,预报E邮宝(新接口),【预报E邮宝(新接口)】E邮宝,LM313808704CN,101.075,487,,96.02,37.84,,0.5,57.68,2017-03-15 10:50:52,NH,2017-03-17 16:00:49,France,56.09
366519,501696741470174,http://g02.a.alicdn.com/kf/UT8T4h3XYBXXXagOFbXT.jpg,DSKM057-39silver8.5*1,预报E邮宝(新接口),【预报E邮宝(新接口)】E邮宝,LM293015558CN,93.86,311,,89.17,29.4,,0.5,59.27,2017-02-27 15:13:22,NH,2017-03-02 16:00:09,France,43.77
368385,83041991211937,http://g01.a.alicdn.com/kf/UT8bwGHXWNaXXagOFbXu.jpg,DSBC001-37black5.5*1,预报E邮宝(新接口),【预报E邮宝(新接口)】E邮宝,LW066892731CN,102.895,443,,97.75,37.85,,0.5,59.4,2017-03-29 22:39:00,NH,2017-03-30 16:00:04,United States,42.22
367485,82594057114807,http://g02.a.alicdn.com/kf/UT8bqt.XYFXXXagOFbX9.jpg,DSBC001-38red6*1,预报E邮宝(新接口),【预报E邮宝(新接口)】E邮宝,LM312456586CN,103.935,463,,98.74,38.04,,0.5,60.2,2017-03-15 04:23:16,NH,2017-03-16 15:23:18,Saudi Arabia,54.41
366507,82218208127887,http://g02.a.alicdn.com/kf/UT8GBmvXZFaXXagOFbXa.jpg,DSKM058-40silver9*1,预报E邮宝(新接口),【预报E邮宝(新接口)】E邮宝,LM293015544CN,99.385,415,,94.42,33.4,,0.5,60.52,2017-02-26 06:39:52,NH,2017-03-02 15:59:48,France,51.05
367710,82762799788868,http://g02.a.alicdn.com/kf/UT80uigX5xXXXagOFbXq.jpg,DSBC001-37golden5.5*1,预报E邮宝(新接口),【预报E邮宝(新接口)】E邮宝,LM316671982CN,103.935,438,,98.74,37.7,,0.5,60.54,2017-03-18 15:06:06,NH,2017-03-20 15:23:52,France,52.66
366894,82370535045452,http://g02.a.alicdn.com/kf/UT8WCJLX6lXXXagOFbXc.jpg,DSBC001-38black6*1,预报E邮宝(新接口),【预报E邮宝(新接口)】E邮宝,LM301583765CN,103.935,444,,98.74,37.62,,0.5,60.62,2017-03-04 13:08:51,NH,2017-03-08 16:46:18,Canada,53.08
367459,82621221101820,http://g01.a.alicdn.com/kf/UT8eCJ7XVXaXXagOFbXm.jpg,DSBC001-38golden6*1,预报E邮宝(新接口),【预报E邮宝(新接口)】E邮宝,LT952607008CN,103.935,464,,98.74,37.0,,0.5,61.24,2017-03-14 19:40:49,NH,2017-03-15 16:29:47,United States,43.8
368022,82790137744063,http://g02.a.alicdn.com/kf/UT8X9uYX2paXXagOFbXj.jpg,DSBC001-40white7*1,预报E邮宝(新接口),【预报E邮宝(新接口)】E邮宝,LM326534898CN,104.78,496,,99.54,37.62,,0.5,61.42,2017-03-25 05:32:00,NH,2017-03-27 15:57:51,Ukraine,56.72
367949,82732167044013,http://g02.a.alicdn.com/kf/UT8bqt.XYFXXXagOFbX9.jpg,DSBC001-38red6*1,预报E邮宝(新接口),【预报E邮宝(新接口)】E邮宝,LW038038005CN,106.015,0,,100.71,38.04,,0.5,62.17,2017-03-23 16:20:53,NH,2017-03-24 15:19:54,United States,14.6
367855,82843312301663,http://g02.a.alicdn.com/kf/UT8X9uYX2paXXagOFbXj.jpg,DSBC001-36white5*1,预报E邮宝(新接口),【预报E邮宝(新接口)】E邮宝,LW034315729CN,106.665,436,,101.33,37.0,,0.5,63.83,2017-03-22 12:16:32,NH,2017-03-23 15:53:21,United States,41.7
367453,501861968213600,http://g01.a.alicdn.com/kf/UT8bwGHXWNaXXagOFbXu.jpg,DSBC001-38black6*1,预报E邮宝(新接口),【预报E邮宝(新接口)】E邮宝,LM311356961CN,108.68,465,,103.25,37.69,,0.5,65.06,2017-03-14 19:52:22,NH,2017-03-15 16:29:41,Russian Federation,45.2
366858,501764073843881,http://g01.a.alicdn.com/kf/UT8bwGHXWNaXXagOFbXu.jpg,DSBC001-38black6*1,预报E邮宝(新接口),【预报E邮宝(新接口)】E邮宝,LM301583779CN,108.68,439,,103.25,37.62,,0.5,65.13,2017-03-05 09:11:44,NH,2017-03-08 16:46:14,Russian Federation,43.12
366596,82305174164526,http://g02.a.alicdn.com/kf/UT83EhFXYtaXXagOFbXT.jpg,CSRB053red*2,预报E邮宝(新接口),【预报E邮宝(新接口)】E邮宝,LT890036855CN,138.58,0,,131.65,64.84,,0.5,66.31,2017-03-01 06:40:05,NH,2017-03-02 16:00:16,United States,14.6
366802,82366618525141,http://g02.a.alicdn.com/kf/UT8WCJLX6lXXXagOFbXc.jpg,DSBC001-40black7*1,预报E邮宝(新接口),【预报E邮宝(新接口)】E邮宝,LM297781413CN,110.435,500,,104.91,37.7,,0.5,66.71,2017-03-04 09:40:28,NH,2017-03-06 16:12:17,Ukraine,57.0
367613,501913553977230,http://g01.a.alicdn.com/kf/UT8bwGHXWNaXXagOFbXu.jpg,DSBC001-39black6.5*1,预报E邮宝(新接口),【预报E邮宝(新接口)】E邮宝,LM315055088CN,110.5,485,,104.98,37.62,,0.5,66.86,2017-03-16 23:46:22,NH,2017-03-18 14:59:31,Russian Federation,46.8
366811,82387627158705,http://g01.a.alicdn.com/kf/UT8BzpHX9tXXXagOFbXp.jpg,BKJF091blue*1,预报E邮宝(新接口),【预报E邮宝(新接口)】E邮宝,LM297781342CN,116.935,543,,111.09,41.05,,0.5,69.54,2017-03-04 03:58:13,NH,2017-03-06 16:12:29,France,60.01
367671,82647773624802,http://g04.a.alicdn.com/kf/UT8b2DaX88bXXagOFbX7.jpg,OBDS040C5ACUdigitalOther*1,预报E邮宝(新接口),【预报E邮宝(新接口)】E邮宝,LM320409177CN,120.185,472,,114.18,44.0,,0.5,69.68,2017-03-17 14:31:00,NH,2017-03-22 15:49:27,Russian Federation,45.76
366985,82193762081092,http://g03.a.alicdn.com/kf/UT8k3esX5JaXXagOFbX3.jpg,BKJF091red*1,预报E邮宝(新接口),【预报E邮宝(新接口)】E邮宝,LT913374567CN,116.935,550,,111.09,40.9,,,70.19,2017-03-06 05:55:39,NH,2017-03-07 13:12:01,United States,50.25
367969,502001262752713,http://g01.a.alicdn.com/kf/UT8bwGHXWNaXXagOFbXu.jpg,DSBC001-38black6*1,预报E邮宝(新接口),【预报E邮宝(新接口)】E邮宝,lm323936022cn,114.27,467,,108.56,37.62,,0.5,70.44,2017-03-24 05:44:39,NH,2017-03-25 15:10:17,Russian Federation,45.36
366781,82325886389766,http://g02.a.alicdn.com/kf/UT8LASHX3BaXXagOFbXq.jpg,SSPL150-39darkgrey7.5*1,预报E邮宝(新接口),【预报E邮宝(新接口)】E邮宝,LT915414082CN,94.64,615,,89.91,18.5,,0.5,70.91,2017-03-03 17:58:14,NH,2017-03-08 16:46:29,United States,55.12
368469,502123678265142,http://g02.a.alicdn.com/kf/UT8i_pNX5haXXagOFbXM.jpg,DSBC001-40black7*1,预报E邮宝(新接口),【预报E邮宝(新接口)】E邮宝,LM333780568CN,115.83,487,,110.04,37.84,,0.5,71.7,2017-03-30 07:50:20,NH,2017-03-31 15:49:35,Russian Federation,46.96
368337,82963264004203,http://g03.a.alicdn.com/kf/UT89pC.X6tbXXagOFbXH.jpg,CSRB051black*2,预报E邮宝(新接口),【预报E邮宝(新接口)】E邮宝,LM331668637CN,138.97,454,,132.02,59.5,,0.5,72.02,2017-03-29 12:37:48,NH,2017-03-30 16:00:26,Saudi Arabia,53.78
367112,82508307818342,http://g02.a.alicdn.com/kf/UT8it5YX9XXXXagOFbXT.jpg,DSBC002-36blackgrey5*1,预报E邮宝(新接口),【预报E邮宝(新接口)】E邮宝,LM311081595CN,128.7,474,,122.27,47.67,,0.5,74.1,2017-03-09 12:05:43,NH,2017-03-15 16:30:21,Canada,55.18
367247,82586558363788,http://g02.a.alicdn.com/kf/UT8WsGWX5taXXagOFbXy.jpg,OBDS014wolfbrownOther*1,预报E邮宝(新接口),【预报E邮宝(新接口)】E邮宝,LM311081604CN,127.075,651,,120.72,44.0,,0.5,76.22,2017-03-10 02:53:00,NH,2017-03-15 16:29:53,Ukraine,67.57
367533,82590326007035,http://g03.a.alicdn.com/kf/UT8ZyK.X1dbXXagOFbXt.jpg,DSBC062-42red8*1,预报E邮宝(新接口),【预报E邮宝(新接口)】E邮宝,LM317006779CN,122.98,466,,116.83,37.61,,0.5,78.72,2017-03-16 11:44:39,NH,2017-03-22 15:48:58,Canada,54.62
368124,82807366545539,http://g03.a.alicdn.com/kf/UT8NxTuX3VbXXagOFbXq.jpg,OBDS014blackOther*1,预报E邮宝(新接口),【预报E邮宝(新接口)】E邮宝,LM333780611CN,129.87,641,,123.38,44.0,,0.5,78.88,2017-03-28 01:45:35,NH,2017-03-31 15:49:47,Ukraine,66.87
368025,82787937238488,http://g02.a.alicdn.com/kf/UT8Z5JGX6xXXXagOFbXH.jpg,CSRB051blue*1<br/>CSRB051red*1,预报E邮宝(新接口),【预报E邮宝(新接口)】E邮宝,LM326209752CN,144.17,463,,136.96,56.02,,0.5,80.44,2017-03-25 01:15:53,NH,2017-03-27 15:58:26,Ukraine,54.41
367152,501820593028018,http://g01.a.alicdn.com/kf/UT8PsWLX5RXXXagOFbXL.jpg,SKTN054-35white3.5*1,预报E邮宝(新接口),【预报E邮宝(新接口)】E邮宝,LM307850265CN,186.29,0,,176.98,93.0,,0.5,83.48,2017-03-09 13:57:42,NH,2017-03-13 15:36:07,Russian Federation,8.0
366898,501752598112517,http://g01.a.alicdn.com/kf/UT8PsWLX5RXXXagOFbXL.jpg,SKTN054-34white3*1,预报E邮宝(新接口),【预报E邮宝(新接口)】E邮宝,LM302939859CN,186.29,664,,176.98,92.15,,0.5,84.33,2017-03-04 10:50:10,NH,2017-03-09 12:59:26,Russian Federation,61.12
367048,82403886686831,http://g01.a.alicdn.com/kf/UT8SEiRX8tXXXagOFbX4.jpg,BHBC054red*1,预报E邮宝(新接口),【预报E邮宝(新接口)】E邮宝,LM304664508CN,193.375,503,,183.71,98.0,,0.5,85.21,2017-03-07 13:02:23,NH,2017-03-10 16:17:23,Canada,57.21
367287,82491046995527,http://g04.a.alicdn.com/kf/UT8c9yZXWlcXXagOFbX4.jpg,BHBC054red*1,预报E邮宝(新接口),【预报E邮宝(新接口)】E邮宝,LM311356927CN,193.375,428,,183.71,98.0,,0.5,85.21,2017-03-11 17:33:57,NH,2017-03-15 16:29:25,Canada,51.96
366832,82309800633546,http://g02.a.alicdn.com/kf/UT8h5KFX70aXXagOFbXy.jpg,SSKD225-43black9*1,预报E邮宝(新接口),【预报E邮宝(新接口)】E邮宝,LT919054067CN,155.025,582,,147.27,61.0,,0.5,85.77,2017-03-03 07:44:57,NH,2017-03-08 16:46:38,United States,52.65
367185,82589752759312,http://g02.a.alicdn.com/kf/UT8i6qYX88aXXagOFbXo.jpg,SSKD222-39orange7*1,预报E邮宝(新接口),【预报E邮宝(新接口)】E邮宝,LM308413496CN,148.265,0,,140.85,54.5,,0.5,85.85,2017-03-10 06:05:37,NH,2017-03-13 15:35:36,France,22.0
367187,82480532212078,http://g01.a.alicdn.com/kf/UT8l41WX9xaXXagOFbXo.jpg,DSBC010-38blackgold6*1,预报E邮宝(新接口),【预报E邮宝(新接口)】E邮宝,LT941884583CN,132.73,0,,126.09,39.71,,0.5,85.88,2017-03-09 20:28:06,NH,2017-03-13 15:35:46,United States,14.6
366848,501743873783984,http://g01.a.alicdn.com/kf/UT84ptFX9lXXXagOFbXF.jpg,SSKD023-43black9*1,预报E邮宝(新接口),【预报E邮宝(新接口)】E邮宝,LM300476345CN,148.2,649,,140.79,54.0,,0.5,86.29,2017-03-03 14:45:28,NH,2017-03-08 16:46:25,France,67.43
366041,501582570450111,http://g03.a.alicdn.com/kf/UT8HEqiX0JaXXagOFbXW.jpg,BCRK173blueL*1,预报E邮宝(新接口),【预报E邮宝(新接口)】E邮宝,LM286537854CN,185.25,532,,175.99,88.0,,0.5,87.49,2017-02-19 09:56:42,NH,2017-03-01 15:34:58,France,59.24
367659,82631080953146,http://g02.a.alicdn.com/kf/UT8Z5JGX6xXXXagOFbXH.jpg,CSRB051blue*2,预报E邮宝(新接口),【预报E邮宝(新接口)】E邮宝,LM316671979CN,149.175,436,,141.72,53.08,,0.5,88.14,2017-03-18 11:21:10,NH,2017-03-20 15:24:20,Russian Federation,42.88
366917,82494074079960,http://g02.a.alicdn.com/kf/UT8LY5NX5xXXXagOFbX8.jpg,SSDE139-44green9.5*1,预报E邮宝(新接口),【预报E邮宝(新接口)】E邮宝,LT923106826CN,173.94,706,,165.24,74.0,,0.5,90.74,2017-03-05 13:38:40,NH,2017-03-09 12:57:38,United States,61.95
367202,82599316488656,http://g02.a.alicdn.com/kf/UT89CaRX9hXXXagOFbXJ.jpg,SSDE139-43red9*1,预报E邮宝(新接口),【预报E邮宝(新接口)】E邮宝,LM307850288CN,173.94,0,,165.24,73.0,,0.5,91.74,2017-03-10 14:11:27,NH,2017-03-13 15:35:51,Canada,22.0
367263,501832602820860,http://g02.a.alicdn.com/kf/UT8JE5KX6hXXXagOFbXt.jpg,SSDE139-43red9*1,预报E邮宝(新接口),【预报E邮宝(新接口)】E邮宝,LM311081621CN,173.94,715,,165.24,73.0,,0.5,91.74,2017-03-12 11:54:46,NH,2017-03-15 16:30:00,France,72.05
366749,501733142086112,http://g01.a.alicdn.com/kf/UT8GDJtXZVaXXagOFbXE.jpg,DSBC046-39black6.5*1,预报E邮宝(新接口),【预报E邮宝(新接口)】E邮宝,LM298889147CN,168.285,711,,159.87,67.25,,0.5,92.12,2017-03-02 09:59:27,NH,2017-03-06 16:12:04,France,71.77
367539,501910589105600,http://g02.a.alicdn.com/kf/UT8hrjbXWBXXXagOFbXD.jpg,SSKD222-38yellow6.5*1,预报E邮宝(新接口),【预报E邮宝(新接口)】E邮宝,LM317006805CN,160.225,465,,152.21,56.0,,0.5,95.71,2017-03-16 06:09:57,NH,2017-03-20 15:23:40,Russian Federation,45.2
366521,501655881186327,http://g01.a.alicdn.com/kf/UT8qrlUX9lXXXagOFbXk.jpg,DSBC048-38black6*1,预报E邮宝(新接口),【预报E邮宝(新接口)】E邮宝,LM296146711CN,178.36,684,,169.44,72.84,,0.5,96.1,2017-02-27 14:10:37,NH,2017-03-04 15:48:24,France,69.88
367965,82812342626549,http://g02.a.alicdn.com/kf/UT8UpCaX6XXXXagOFbXO.jpg,SSKD023-39green7*1,预报E邮宝(新接口),【预报E邮宝(新接口)】E邮宝,LM326369771CN,163.02,552,,154.87,56.0,,0.5,98.37,2017-03-24 05:29:59,NH,2017-03-27 15:58:13,Russian Federation,52.16
366947,501753481381226,http://g01.a.alicdn.com/kf/UT8WBKPX10XXXagOFbXd.jpg,SSJS203-42white8.5*1,预报E邮宝(新接口),【预报E邮宝(新接口)】E邮宝,LM307470024CN,177.385,0,,168.52,69.5,,0.5,98.52,2017-03-06 06:19:53,NH,2017-03-13 15:36:12,France,22.0
367932,501962767119230,http://g02.a.alicdn.com/kf/UT8LY5NX5xXXXagOFbX8.jpg,SSDE139-43green9*1,预报E邮宝(新接口),【预报E邮宝(新接口)】E邮宝,LM326209797CN,185.12,700,,175.86,76.0,,0.5,99.36,2017-03-23 00:03:49,NH,2017-03-27 15:58:02,Russian Federation,64.0
367365,82535930351368,http://g02.a.alicdn.com/kf/UT87YhKX9XXXXagOFbXl.jpg,SKTN001-30skyblue12*1<br/>SKTN001-36black3*1,预报E邮宝(新接口),【预报E邮宝(新接口)】E邮宝,LM313808735CN,200.07,835,,190.07,90.0,,0.5,99.57,2017-03-12 11:40:54,NH,2017-03-17 16:01:03,Ukraine,80.45
367943,82767090116081,http://g02.a.alicdn.com/kf/UT8PyYkX1FcXXagOFbXb.jpg,SSJS203-40blue7.5*1,预报E邮宝(新接口),【预报E邮宝(新接口)】E邮宝,LW051054175CN,181.61,730,,172.53,72.0,,0.5,100.03,2017-03-23 14:18:04,NH,2017-03-27 15:58:32,United States,63.75
366980,82405588235560,http://g02.a.alicdn.com/kf/UT8j7xOXWRXXXagOFbXd.jpg,SSKD024-43red9*1,预报E邮宝(新接口),【预报E邮宝(新接口)】E邮宝,LM304346898CN,167.765,589,,159.38,56.0,,0.5,102.88,2017-03-05 01:57:58,NH,2017-03-10 15:41:06,France,63.23
367081,82392762634185,http://g02.a.alicdn.com/kf/UT8j7xOXWRXXXagOFbXd.jpg,SSKD024-44red9.5*1,预报E邮宝(新接口),【预报E邮宝(新接口)】E邮宝,LM307366755CN,167.765,0,,159.38,56.0,,0.5,102.88,2017-03-07 02:24:34,NH,2017-03-13 15:36:18,France,22.0
368008,82884430958950,http://g03.a.alicdn.com/kf/UT8T.DoX08bXXagOFbXr.jpg,DSBC048-37black5.5*1,预报E邮宝(新接口),【预报E邮宝(新接口)】E邮宝,LW064900245CN,183.105,662,,173.95,67.25,,0.5,106.2,2017-03-24 21:50:38,NH,2017-03-30 16:00:17,United States,58.65
367592,82645057676141,http://g03.a.alicdn.com/kf/UT8l.mOXZNbXXagOFbXh.jpg,OBDS037C2wolfbrownOther*1,预报E邮宝(新接口),【预报E邮宝(新接口)】E邮宝,LW018239635CN,189.67,878,,180.19,71.0,,0.5,108.69,2017-03-17 12:47:54,NH,2017-03-20 15:23:00,United States,74.85
368069,82782242140706,http://g02.a.alicdn.com/kf/UT8j7xOXWRXXXagOFbXd.jpg,SSKD024-44red9.5*1,预报E邮宝(新接口),【预报E邮宝(新接口)】E邮宝,LW061871730CN,176.345,625,,167.53,54.5,,0.5,112.53,2017-03-26 17:02:56,NH,2017-03-29 15:45:22,United States,55.88
367899,82800706544064,http://g02.a.alicdn.com/kf/UT8b52nXWpaXXagOFbXg.jpg,OBDS037C3jungledigitalOther*1,预报E邮宝(新接口),【预报E邮宝(新接口)】E邮宝,LM326209770CN,195.13,910,,185.37,71.0,,0.5,113.87,2017-03-23 11:36:11,NH,2017-03-27 15:58:38,Ukraine,85.7
367331,82571941654454,http://g03.a.alicdn.com/kf/UT8MxW4X0dXXXagOFbXq.jpg,MSST076-45khaki9.5*1,预报E邮宝(新接口),【预报E邮宝(新接口)】E邮宝,LT942170844CN,190.06,0,,180.56,64.67,,0.5,115.39,2017-03-12 21:57:43,NH,2017-03-13 15:35:41,United States,14.6
367051,82537916288994,http://g02.a.alicdn.com/kf/UT83yqQX3taXXagOFbXm.jpg,MSST089-43brown8.5*1,预报E邮宝(新接口),【预报E邮宝(新接口)】E邮宝,LT928754178CN,192.205,960,,182.59,66.34,,0.5,115.75,2017-03-07 16:24:35,NH,2017-03-10 15:40:49,United States,81.0
367078,501771858340504,http://g03.a.alicdn.com/kf/UT8cBmPX5BaXXagOFbXo.jpg,OBDS037C4desertdigitalOther*1,预报E邮宝(新接口),【预报E邮宝(新接口)】E邮宝,LM305575985CN,197.34,884,,187.47,71.0,,0.5,115.97,2017-03-07 04:19:52,NH,2017-03-11 14:49:51,Russian Federation,78.72
367469,501886538599883,http://g01.a.alicdn.com/kf/UT8sD8PX1dXXXagOFbXl.jpg,MSST076-43redorange8.5*1,预报E邮宝(新接口),【预报E邮宝(新接口)】E邮宝,LM315055091CN,190.06,1043,,180.56,62.5,,0.5,117.56,2017-03-15 11:30:41,NH,2017-03-18 14:59:08,France,95.01
366457,82283741768068,http://g02.a.alicdn.com/kf/UT87rpyX6JXXXagOFbXl.jpg,MSST086-37grey5.5*1,预报E邮宝(新接口),【预报E邮宝(新接口)】E邮宝,LT884329705CN,204.295,915,,194.08,74.67,,0.5,118.91,2017-02-26 14:34:48,NH,2017-03-01 15:34:53,United States,77.62
366396,82325918205110,http://g02.a.alicdn.com/kf/UT8Y9CmX74XXXagOFbXt.jpg,BGRB058blueXL*1<br/>MSST090-41grey7.5*1,预报E邮宝(新接口),【预报E邮宝(新接口)】E邮宝,LM294043011CN,225.55,1084,,214.27,92.29,,0.5,121.48,2017-02-24 22:34:03,NH,2017-03-03 15:35:05,Ukraine,97.88
367623,82597248101921,http://g01.a.alicdn.com/kf/UT8qs5.XVJcXXagOFbXY.jpg,MSJN067-44blue9.5*1,预报E邮宝(新接口),【预报E邮宝(新接口)】E邮宝,LW019842303CN,250.965,980,,238.42,115.0,,0.5,122.92,2017-03-16 20:17:45,NH,2017-03-20 15:23:36,United States,82.5
368121,502034501290225,http://g01.a.alicdn.com/kf/UT8DvfuX0RbXXagOFbXp.jpg,OPJJ069womenblackM*1,预报E邮宝(新接口),【预报E邮宝(新接口)】E邮宝,LM333991448CN,223.405,499,,212.23,87.5,,0.5,124.23,2017-03-28 00:38:41,NH,2017-03-31 15:50:16,Russian Federation,47.92
367157,82512545021066,http://g03.a.alicdn.com/kf/UT8oYeWX9FaXXagOFbXH.jpg,MSST086-44brownorange9*1,预报E邮宝(新接口),【预报E邮宝(新接口)】E邮宝,LT940577927CN,209.95,0,,199.45,74.4,,0.5,124.55,2017-03-09 17:48:51,NH,2017-03-13 15:35:31,United States,14.6
366608,82267403012975,http://g01.a.alicdn.com/kf/UT8V0RiX9hXXXagOFbXo.jpg,MSJN067-40orange7.5*1,预报E邮宝(新接口),【预报E邮宝(新接口)】E邮宝,LT900296000CN,250.965,870,,238.42,112.0,,0.5,125.92,2017-02-28 22:26:21,NH,2017-03-04 15:48:04,United States,74.25
366850,501730578602010,http://g03.a.alicdn.com/kf/UT8H.ppX5FXXXagOFbXb.jpg,MSJN060-42orange8.5*1,预报E邮宝(新接口),【预报E邮宝(新接口)】E邮宝,LM297781444CN,257.4,1077,,244.53,118.0,,0.5,126.03,2017-03-03 15:18:21,NH,2017-03-06 16:12:11,France,97.39
368473,82938766799256,http://g01.a.alicdn.com/kf/UT837x1XZNXXXagOFbXQ.jpg,MSST076-43darkgreen8.5*1,预报E邮宝(新接口),【预报E邮宝(新接口)】E邮宝,LM334658165CN,202.02,1046,,191.92,62.5,,0.5,128.92,2017-03-30 12:30:00,NH,2017-03-31 15:49:29,Russian Federation,91.68
366580,501694174756180,http://g02.a.alicdn.com/kf/UT8ez0.X20aXXagOFbXs.jpg,DSBC001-38black6*1<br/>DSBC001-40black7*1,预报E邮宝(新接口),【预报E邮宝(新接口)】E邮宝,LM294726086CN,216.32,897,,205.5,75.55,,0.5,129.45,2017-02-28 20:52:47,NH,2017-03-03 15:34:56,Russian Federation,79.76
367017,82417770469328,http://g02.a.alicdn.com/kf/UT8b2BkX9taXXagOFbXO.jpg,MSJN060-41orange8*1,预报E邮宝(新接口),【预报E邮宝(新接口)】E邮宝,LM304346875CN,261.43,966,,248.36,118.0,,0.5,129.86,2017-03-06 23:56:25,NH,2017-03-10 15:41:16,Canada,89.62
367004,82399881556885,http://g04.a.alicdn.com/kf/UT8GWaRXWpaXXagOFbXp.jpg,OBDS019black30-40L*1,预报E邮宝(新接口),【预报E邮宝(新接口)】E邮宝,LM304346884CN,203.125,1067,,192.97,62.0,,0.5,130.47,2017-03-07 09:57:22,NH,2017-03-10 15:41:25,France,96.69
368062,82687224202328,http://g01.a.alicdn.com/kf/UT82.nCXS0aXXagOFbXx.jpg,OCMG001ArmyGreenXL*1,预报E邮宝(新接口),【预报E邮宝(新接口)】E邮宝,LW054515477CN,231.595,1011,,220.02,88.0,,0.5,131.52,2017-03-26 08:51:31,NH,2017-03-28 15:55:42,United States,84.82
367528,82591360829272,http://g02.a.alicdn.com/kf/UT8SBnaX7VXXXagOFbX7.jpg,MSST086-42royalblue8*1,预报E邮宝(新接口),【预报E邮宝(新接口)】E邮宝,LW019842325CN,219.96,1134,,208.96,75.0,,0.5,133.46,2017-03-16 12:16:38,NH,2017-03-20 15:23:23,United States,94.05
367283,82625598805231,http://g03.a.alicdn.com/kf/UT8g_0OX7RaXXagOFbXa.jpg,DSBC001-41red7.5*1<br/>DSBC001-41white7.5*1,预报E邮宝(新接口),【预报E邮宝(新接口)】E邮宝,LT939294490CN,220.87,0,,209.83,75.46,,0.5,133.87,2017-03-12 03:40:50,NH,2017-03-13 15:36:02,United States,14.6
367122,501817631419972,http://g02.a.alicdn.com/kf/UT86V5SXWtaXXagOFbXC.jpg,MSST086-39royalblue6.5*1,预报E邮宝(新接口),【预报E邮宝(新接口)】E邮宝,LM307850230CN,219.96,0,,208.96,74.4,,0.5,134.06,2017-03-09 09:37:07,NH,2017-03-13 15:35:57,France,22.0
367279,82529697332055,http://g02.a.alicdn.com/kf/UT8c_W3X40XXXagOFbXM.jpg,MSJN060-41blue8*1,预报E邮宝(新接口),【预报E邮宝(新接口)】E邮宝,LX290920190CN,266.76,993,,253.42,118.0,,0.5,134.92,2017-03-12 07:10:22,NH,2017-03-15 16:30:07,Israel,91.51
367695,82645166404452,http://g01.a.alicdn.com/kf/UT8BsDfX.xXXXagOFbXe.jpg,MSJN050-43greyandblack9*1,预报E邮宝(新接口),【预报E邮宝(新接口)】E邮宝,LW029111612CN,287.3,1122,,272.94,130.0,,0.5,142.44,2017-03-19 06:42:44,NH,2017-03-22 15:49:12,United States,93.15
366676,501722787800519,http://g02.a.alicdn.com/kf/UT8i_pNX5haXXagOFbXM.jpg,DSBC001-39black6.5*1<br/>DSBC004-39blackgold6.5*1,预报E邮宝(新接口),【预报E邮宝(新接口)】E邮宝,LM298889076CN,243.1,827,,230.95,75.7,,0.5,154.75,2017-03-01 15:44:44,NH,2017-03-08 16:46:22,Russian Federation,74.16
366579,501683883696180,http://g02.a.alicdn.com/kf/UT8ez0.X20aXXagOFbXs.jpg,DSBC001-38black6*3,预报E邮宝(新接口),【预报E邮宝(新接口)】E邮宝,LM293465398CN,304.395,1295,,289.18,113.52,,0.5,175.16,2017-02-28 20:46:38,NH,2017-03-02 15:58:59,Russian Federation,111.6
366582,501711627306180,http://g02.a.alicdn.com/kf/UT8ez0.X20aXXagOFbXs.jpg,DSBC001-38black6*3,预报E邮宝(新接口),【预报E邮宝(新接口)】E邮宝,LM294726090CN,304.395,1277,,289.18,113.52,,0.5,175.16,2017-02-28 20:48:28,NH,2017-03-03 15:34:39,Russian Federation,110.16
366581,501706271106180,http://g02.a.alicdn.com/kf/UT8ez0.X20aXXagOFbXs.jpg,DSBC001-35black4.5*1<br/>DSBC001-37black5.5*2,预报E邮宝(新接口),【预报E邮宝(新接口)】E邮宝,LM293015561CN,304.395,1225,,289.18,112.44,,0.5,176.24,2017-02-28 20:43:37,NH,2017-03-02 15:59:07,Russian Federation,106.0
366729,501738477294399,http://g04.a.alicdn.com/kf/UT8iViFX24aXXagOFbXz.jpg,DSBC011-39red6.5*1<br/>DSBC011-40red7*1,预报E邮宝(新接口),【预报E邮宝(新接口)】E邮宝,LM298889102CN,286.52,1032,,272.19,94.5,,0.5,177.19,2017-03-03 08:53:18,NH,2017-03-06 16:12:23,France,94.24
366576,501706233126180,http://g02.a.alicdn.com/kf/UT8ez0.X20aXXagOFbXs.jpg,DSBC001-41black7.5*3,预报E邮宝(新接口),【预报E邮宝(新接口)】E邮宝,LM293015589CN,304.395,1481,,289.18,111.0,,0.5,177.68,2017-02-28 20:51:00,NH,2017-03-02 15:59:23,Russian Federation,126.48
366577,501694057046180,http://g02.a.alicdn.com/kf/UT8ez0.X20aXXagOFbXs.jpg,DSBC001-39black6.5*3,预报E邮宝(新接口),【预报E邮宝(新接口)】E邮宝,LM293015575CN,304.395,1403,,289.18,111.0,,0.5,177.68,2017-02-28 20:49:39,NH,2017-03-02 15:59:28,Russian Federation,120.24
367471,82569044205944,http://g02.a.alicdn.com/kf/UT8jtOTXWRXXXagOFbXK.jpg,OBDS037C1blackOther*1<br/>OBDS037C2wolfbrownOther*1,预报E邮宝(新接口),【预报E邮宝(新接口)】E邮宝,LW011686942CN,379.34,1688,,360.37,138.0,,0.5,221.87,2017-03-15 11:14:13,NH,2017-03-18 14:59:24,United States,135.6
367542,501905195744399,http://g02.a.alicdn.com/kf/UT8E_WVX2VaXXagOFbXo.jpg,DSBC001-40red7*2<br/>DSBC001-41red7.5*2,预报E邮宝(新接口),【预报E邮宝(新接口)】E邮宝,LM317006748CN,392.08,2013,,372.48,150.08,,0.5,221.9,2017-03-16 06:50:23,NH,2017-03-20 15:28:09,France,162.91
